{
  "location_name": "Twierdza Gizycko",
  "center_lat": 54.034069406314956,
  "center_lon": 21.74989257084215
}