{
  "location_name": "Ladzin",
  "center_lat": 50.441456058608,
  "center_lon": 16.653301723778725
}
