{
  "location_name": "Srebrna Gora",
  "center_lat": 50.57399118149848,
  "center_lon": 16.642413340304525
}